{
    "sparsity": 2.047556499373329e-05,
    "alpha": 6.7455397857844615,
    "lr": 0.08955537842822447,
    "epochs": 7
}