{
    "sparsity": 2.599644713538841e-05,
    "alpha": 6.477645801364087,
    "lr": 0.09339586230392036,
    "epochs": 5
}