{
    "lr": 0.05347816463224176,
    "momentum": 0.8848158848829271,
    "weight_decay": 0.00017891945143771443
}