{
    "sparsity": 6.335053017361249e-06,
    "alpha": 9.437269573985004,
    "lr": 0.010955639004957878,
    "epochs": 6
}