{
    "sparsity": 0.00028041201495866263,
    "alpha": 7.984764650127919,
    "lr": 0.019579417403069625,
    "epochs": 6
}