{
    "lr": 0.13538101467598074,
    "momentum": 0.8531894286443445,
    "weight_decay": 0.0002096500672245628
}