{
    "lr": 0.02929794453398365,
    "momentum": 0.944984770403216,
    "weight_decay": 3.6509363068636705e-05
}